-- MySQL dump 10.13  Distrib 8.0.23, for Linux (x86_64)
--
-- Host: localhost    Database: travelpoints2
-- ------------------------------------------------------
-- Server version	8.0.23-3+b1

/*!40101 SET @OLD_CHARACTER_SET_CLIENT=@@CHARACTER_SET_CLIENT */;
/*!40101 SET @OLD_CHARACTER_SET_RESULTS=@@CHARACTER_SET_RESULTS */;
/*!40101 SET @OLD_COLLATION_CONNECTION=@@COLLATION_CONNECTION */;
/*!50503 SET NAMES utf8mb4 */;
/*!40103 SET @OLD_TIME_ZONE=@@TIME_ZONE */;
/*!40103 SET TIME_ZONE='+00:00' */;
/*!40014 SET @OLD_UNIQUE_CHECKS=@@UNIQUE_CHECKS, UNIQUE_CHECKS=0 */;
/*!40014 SET @OLD_FOREIGN_KEY_CHECKS=@@FOREIGN_KEY_CHECKS, FOREIGN_KEY_CHECKS=0 */;
/*!40101 SET @OLD_SQL_MODE=@@SQL_MODE, SQL_MODE='NO_AUTO_VALUE_ON_ZERO' */;
/*!40111 SET @OLD_SQL_NOTES=@@SQL_NOTES, SQL_NOTES=0 */;

--
-- Table structure for table `rols`
--

DROP TABLE IF EXISTS `rols`;
/*!40101 SET @saved_cs_client     = @@character_set_client */;
/*!50503 SET character_set_client = utf8mb4 */;
CREATE TABLE `rols` (
  `id` bigint unsigned NOT NULL AUTO_INCREMENT,
  `nombre` varchar(191) COLLATE utf8_unicode_ci NOT NULL,
  `created_at` timestamp NULL DEFAULT NULL,
  `updated_at` timestamp NULL DEFAULT NULL,
  PRIMARY KEY (`id`)
) ENGINE=InnoDB AUTO_INCREMENT=11 DEFAULT CHARSET=utf8 COLLATE=utf8_unicode_ci;
/*!40101 SET character_set_client = @saved_cs_client */;

--
-- Dumping data for table `rols`
--

LOCK TABLES `rols` WRITE;
/*!40000 ALTER TABLE `rols` DISABLE KEYS */;
INSERT INTO `rols` VALUES (1,'Desarrollador','2022-12-07 19:03:35','2022-12-07 19:03:35'),(2,'Administrador','2022-12-07 19:03:35','2022-12-07 19:03:35'),(3,'Viajero','2022-12-07 19:03:35','2023-04-18 02:01:23'),(5,'Promotor','2023-03-18 02:45:11','2023-03-18 02:45:11'),(6,'Lider','2023-03-21 16:32:51','2023-03-21 16:32:51'),(7,'Coordinador','2023-04-12 03:19:10','2023-04-12 03:19:10'),(8,'Tienda','2023-04-29 01:39:00','2023-04-29 01:39:00'),(9,'Negocio','2023-05-18 04:43:56','2023-05-18 04:43:56'),(10,'Lider de negocio','2023-08-28 18:58:44','2023-08-28 18:58:44');
/*!40000 ALTER TABLE `rols` ENABLE KEYS */;
UNLOCK TABLES;

--
-- Table structure for table `permisos`
--

DROP TABLE IF EXISTS `permisos`;
/*!40101 SET @saved_cs_client     = @@character_set_client */;
/*!50503 SET character_set_client = utf8mb4 */;
CREATE TABLE `permisos` (
  `id` bigint unsigned NOT NULL AUTO_INCREMENT,
  `nombre` varchar(191) COLLATE utf8_unicode_ci NOT NULL,
  `created_at` timestamp NULL DEFAULT NULL,
  `updated_at` timestamp NULL DEFAULT NULL,
  `panel_id` bigint unsigned DEFAULT NULL,
  PRIMARY KEY (`id`),
  KEY `permisos_panel_id_foreign` (`panel_id`),
  CONSTRAINT `permisos_panel_id_foreign` FOREIGN KEY (`panel_id`) REFERENCES `panels` (`id`) ON DELETE SET NULL ON UPDATE CASCADE
) ENGINE=InnoDB AUTO_INCREMENT=107 DEFAULT CHARSET=utf8 COLLATE=utf8_unicode_ci;
/*!40101 SET character_set_client = @saved_cs_client */;

--
-- Dumping data for table `permisos`
--

LOCK TABLES `permisos` WRITE;
/*!40000 ALTER TABLE `permisos` DISABLE KEYS */;
INSERT INTO `permisos` VALUES (1,'all','2022-12-07 19:03:35','2023-01-10 17:53:47',2),(2,'home','2022-12-07 19:03:35','2023-01-10 17:53:37',2),(3,'perfil','2022-12-07 19:03:35','2023-01-10 17:53:29',4),(4,'roles','2022-12-07 19:03:35','2023-01-10 17:53:23',2),(5,'permisos','2022-12-07 19:03:35','2023-01-10 15:45:35',2),(6,'notificaciones','2022-12-07 19:03:35','2023-08-09 22:13:50',4),(7,'usuarios','2022-12-07 19:03:35','2023-01-10 15:17:57',2),(8,'Auth','2022-12-07 19:03:35','2023-01-10 17:53:17',4),(9,'certificados negocio','2023-01-11 00:51:27','2023-01-13 17:56:45',3),(10,'cargos negocio','2023-01-11 06:27:41','2023-01-13 17:58:15',3),(11,'ventas negocio','2023-01-12 02:42:04','2023-01-13 17:56:14',3),(12,'home negocio','2023-01-13 17:50:53','2023-01-13 17:50:53',3),(13,'movimientos negocio','2023-01-13 17:55:34','2023-01-13 17:55:34',3),(15,'ventas historial negocio','2023-01-13 17:56:34','2023-01-13 17:56:34',3),(16,'galerias negocio','2023-01-13 17:57:01','2023-01-13 17:57:01',3),(17,'publicaciones negocio','2023-01-13 17:57:18','2023-01-13 17:57:18',3),(18,'eventos negocio','2023-01-13 17:57:34','2023-01-13 17:57:34',3),(19,'personal negocio','2023-01-13 17:57:49','2023-01-13 17:57:49',3),(21,'preferencias negocio','2023-01-13 17:58:38','2023-01-13 17:58:38',3),(22,'reportes negocio','2023-01-13 17:58:52','2023-01-13 17:58:52',3),(23,'categoria productos','2023-02-14 03:03:55','2023-02-14 03:03:55',2),(25,'tiendas','2023-02-15 15:14:27','2023-02-15 15:14:27',2),(26,'productos','2023-02-15 15:14:44','2023-02-15 15:14:44',2),(28,'ventas productos','2023-02-16 19:55:51','2023-02-16 19:55:51',2),(29,'reservaciones','2023-03-21 16:39:11','2023-03-21 16:39:11',2),(31,'negocios','2023-03-21 19:04:06','2023-03-21 19:04:06',2),(32,'solicitudes','2023-03-21 19:04:36','2023-03-21 19:04:36',2),(33,'eventos','2023-03-21 19:05:00','2023-03-21 19:05:00',2),(34,'destinos','2023-03-21 19:05:17','2023-03-21 19:05:17',2),(35,'iatas','2023-03-21 19:05:33','2023-03-21 19:05:33',2),(36,'multimedias','2023-03-21 19:06:58','2023-03-21 19:06:58',2),(37,'sistema','2023-03-21 19:07:11','2023-03-21 19:07:11',2),(38,'sucursales','2023-03-21 19:07:23','2023-03-21 19:07:23',2),(39,'panels','2023-03-21 19:07:54','2023-03-21 19:07:54',2),(40,'faqs','2023-03-21 19:08:08','2023-03-21 19:08:08',2),(41,'negocio categorias','2023-03-21 19:08:47','2023-03-21 19:08:58',2),(42,'divisas','2023-03-21 19:09:22','2023-03-21 19:09:22',2),(43,'amenidades','2023-03-21 19:09:38','2023-03-21 19:09:38',2),(44,'formas de pago','2023-03-21 19:09:51','2023-03-21 19:09:51',2),(45,'negocio reservacion horario','2023-03-21 19:21:26','2023-03-21 19:21:26',3),(46,'negocio reservaciones','2023-03-21 19:21:40','2023-03-21 19:21:40',3),(47,'negocio cupones','2023-03-21 19:21:55','2023-03-21 19:21:55',3),(48,'negocio eventos','2023-03-21 19:22:23','2023-03-21 19:22:23',3),(49,'movimientos','2023-03-21 19:24:16','2023-03-21 19:24:16',4),(50,'comisiones','2023-03-21 20:04:36','2023-03-21 20:04:36',2),(51,'tablero lider','2023-03-22 21:06:01','2023-03-22 21:06:01',2),(52,'tablero promotor','2023-03-22 21:06:13','2023-03-22 21:06:13',2),(53,'tablero coordinador','2023-03-22 21:06:24','2023-03-22 21:06:24',2),(54,'Tablero balance travelpoints','2023-04-14 03:07:00','2023-04-14 03:07:00',2),(55,'Tablero viajeros activos','2023-04-14 03:09:21','2023-04-14 03:09:21',2),(56,'Tablero destinos activos','2023-04-14 03:10:21','2023-04-14 03:10:21',2),(57,'Tablero total operaciones travelpoints','2023-04-14 03:11:00','2023-04-14 03:11:00',2),(58,'Tablero total paises activos','2023-04-14 03:11:54','2023-04-14 03:11:54',2),(59,'Tablero total negocios activos','2023-04-14 03:15:44','2023-04-14 03:15:44',2),(60,'Tablero total viajeros','2023-04-14 03:16:35','2023-04-14 03:16:35',2),(61,'Tablero total negocios afiliados','2023-04-14 03:17:58','2023-04-14 03:17:58',2),(62,'Tablero porcentaje negocios con operaciones registradas','2023-04-14 03:18:44','2023-04-14 03:18:44',2),(63,'Tablero gasto turistico','2023-04-14 03:19:18','2023-04-14 03:19:18',2),(64,'Tablero tienda de regalos','2023-04-14 03:19:59','2023-04-14 03:19:59',2),(65,'Tablero total promotores registrados','2023-04-14 03:20:35','2023-04-14 03:20:35',2),(66,'Tablero total coordinadores registrados\'','2023-04-14 03:21:05','2023-04-14 03:21:05',2),(67,'Tablero total comisiones generadas pagadas y por pagar','2023-04-14 03:21:44','2023-04-14 03:21:44',2),(68,'Tablero medal card promotor','2023-04-14 19:21:53','2023-04-14 19:21:53',2),(69,'Datos de pago','2023-04-18 17:19:55','2023-04-18 17:19:55',4),(70,'Total viajeros registrados promotor','2023-04-28 00:10:04','2023-04-28 00:10:04',2),(71,'Comisiones cobradas y por cobrar','2023-04-28 01:52:28','2023-05-02 19:41:31',2),(72,'promotores','2023-04-29 22:14:58','2023-04-29 22:14:58',2),(73,'Tablero medal card lider','2023-04-30 05:37:14','2023-04-30 05:37:14',2),(74,'Status de promotores','2023-05-01 02:32:22','2023-05-01 02:32:22',2),(75,'Tablero eficacia promotores','2023-05-01 04:02:42','2023-05-01 04:02:42',2),(76,'Tablero viajeros totales','2023-05-02 00:35:38','2023-05-02 00:35:38',2),(77,'Tablero eficacia lider','2023-05-02 04:18:32','2023-05-02 04:18:32',2),(78,'estado','2023-05-03 01:16:08','2023-05-03 01:16:08',2),(79,'ciudad','2023-05-03 01:16:21','2023-05-03 01:16:21',2),(80,'pais','2023-05-03 01:16:30','2023-05-03 01:16:30',2),(81,'Gestion de coordinador','2023-05-08 17:00:17','2023-05-08 17:00:17',2),(82,'lideres','2023-05-08 17:01:48','2023-05-08 17:01:48',2),(83,'Tablero medal card coordinador','2023-05-11 02:19:35','2023-05-11 02:19:35',2),(84,'Status de coordinadores','2023-05-11 08:43:46','2023-05-11 08:43:46',2),(85,'academias','2023-05-17 14:59:55','2023-05-17 14:59:55',2),(86,'cupones reservaciones','2023-06-05 17:50:35','2023-06-05 17:50:54',3),(87,'lotes','2023-06-14 04:21:22','2023-06-14 04:21:22',2),(88,'tarjetas','2023-06-14 04:21:31','2023-06-14 04:21:31',2),(89,'micuenta','2023-07-06 22:39:43','2023-07-06 22:39:43',4),(90,'coordinadores','2023-07-21 19:38:42','2023-07-21 19:38:42',2),(91,'socio negocios','2023-07-26 19:37:58','2023-07-26 19:37:58',4),(92,'socio reservaciones','2023-07-26 19:40:45','2023-07-26 19:40:45',4),(93,'socio compras','2023-07-26 19:40:55','2023-07-26 19:40:55',4),(94,'socio cupones','2023-07-26 19:41:06','2023-07-26 19:41:06',4),(95,'socio perfil movimientos','2023-07-26 19:45:46','2023-07-26 19:45:46',4),(96,'socio perfil tarjetas','2023-07-26 19:46:13','2023-07-26 19:46:13',4),(97,'socio perfil amigos','2023-07-26 19:46:32','2023-07-26 19:46:32',4),(98,'estatus','2023-08-07 23:31:01','2023-08-07 23:31:01',2),(99,'reportes','2023-08-08 19:14:03','2023-08-08 19:14:03',2),(100,'vonage','2023-08-09 22:05:45','2023-08-09 22:05:45',2),(101,'retiros','2023-08-15 17:51:25','2023-08-15 17:51:25',2),(102,'Listado de viajeros','2023-08-24 06:41:56','2023-08-24 06:41:56',2),(103,'Gestionar comisión promotores','2023-08-28 23:01:43','2023-08-28 23:01:43',2),(104,'Comisiones de promotores','2023-08-29 02:08:33','2023-08-29 02:08:33',2),(105,'Simulador de ingresos','2023-08-29 19:12:18','2023-08-29 19:12:18',2),(106,'Negocios invitados','2023-09-03 01:26:44','2023-09-03 01:26:44',2);
/*!40000 ALTER TABLE `permisos` ENABLE KEYS */;
UNLOCK TABLES;

--
-- Table structure for table `rol_permisos`
--

DROP TABLE IF EXISTS `rol_permisos`;
/*!40101 SET @saved_cs_client     = @@character_set_client */;
/*!50503 SET character_set_client = utf8mb4 */;
CREATE TABLE `rol_permisos` (
  `rol_id` bigint unsigned NOT NULL,
  `permiso_id` bigint unsigned NOT NULL,
  `actions` json NOT NULL,
  KEY `rol_permisos_rol_id_foreign` (`rol_id`),
  KEY `rol_permisos_permiso_id_foreign` (`permiso_id`),
  CONSTRAINT `rol_permisos_permiso_id_foreign` FOREIGN KEY (`permiso_id`) REFERENCES `permisos` (`id`) ON DELETE CASCADE ON UPDATE CASCADE,
  CONSTRAINT `rol_permisos_rol_id_foreign` FOREIGN KEY (`rol_id`) REFERENCES `rols` (`id`) ON DELETE CASCADE ON UPDATE CASCADE
) ENGINE=InnoDB DEFAULT CHARSET=utf8 COLLATE=utf8_unicode_ci;
/*!40101 SET character_set_client = @saved_cs_client */;

--
-- Dumping data for table `rol_permisos`
--

LOCK TABLES `rol_permisos` WRITE;
/*!40000 ALTER TABLE `rol_permisos` DISABLE KEYS */;
INSERT INTO `rol_permisos` VALUES (8,1,'[]'),(8,2,'[\"read\"]'),(8,4,'[]'),(8,5,'[]'),(8,6,'[\"read\", \"write\", \"update\", \"delete\"]'),(8,7,'[]'),(8,23,'[]'),(8,25,'[]'),(8,26,'[]'),(8,28,'[]'),(8,29,'[]'),(8,31,'[]'),(8,32,'[]'),(8,33,'[]'),(8,34,'[]'),(8,35,'[]'),(8,36,'[]'),(8,37,'[]'),(8,38,'[]'),(8,39,'[]'),(8,40,'[]'),(8,41,'[]'),(8,42,'[]'),(8,43,'[]'),(8,44,'[]'),(8,50,'[]'),(8,51,'[]'),(8,52,'[]'),(8,53,'[]'),(8,54,'[]'),(8,55,'[]'),(8,56,'[]'),(8,57,'[]'),(8,58,'[]'),(8,59,'[]'),(8,60,'[]'),(8,61,'[]'),(8,62,'[]'),(8,63,'[]'),(8,64,'[]'),(8,65,'[]'),(8,66,'[]'),(8,67,'[]'),(8,68,'[]'),(8,70,'[]'),(8,71,'[]'),(8,9,'[]'),(8,10,'[]'),(8,11,'[]'),(8,12,'[]'),(8,13,'[]'),(8,15,'[]'),(8,16,'[]'),(8,17,'[]'),(8,18,'[]'),(8,19,'[]'),(8,21,'[]'),(8,22,'[]'),(8,45,'[]'),(8,46,'[]'),(8,47,'[]'),(8,48,'[]'),(8,3,'[\"read\", \"write\", \"update\"]'),(8,8,'[\"read\", \"write\", \"update\", \"delete\"]'),(8,49,'[\"read\", \"write\", \"update\", \"delete\"]'),(8,69,'[]'),(2,1,'[]'),(2,2,'[\"read\"]'),(2,4,'[\"read\", \"write\", \"update\", \"delete\"]'),(2,5,'[\"read\", \"write\", \"update\", \"delete\"]'),(2,6,'[\"read\", \"write\", \"update\", \"delete\"]'),(2,7,'[\"read\", \"write\", \"update\", \"delete\"]'),(2,23,'[\"read\", \"write\", \"update\", \"delete\"]'),(2,25,'[]'),(2,26,'[]'),(2,28,'[]'),(2,29,'[]'),(2,31,'[]'),(2,32,'[]'),(2,33,'[]'),(2,34,'[]'),(2,35,'[]'),(2,36,'[]'),(2,37,'[]'),(2,38,'[]'),(2,39,'[]'),(2,40,'[]'),(2,41,'[]'),(2,42,'[]'),(2,43,'[]'),(2,44,'[]'),(2,50,'[]'),(2,51,'[]'),(2,52,'[]'),(2,53,'[]'),(2,54,'[]'),(2,55,'[]'),(2,56,'[]'),(2,57,'[]'),(2,58,'[]'),(2,59,'[]'),(2,60,'[]'),(2,61,'[]'),(2,62,'[]'),(2,63,'[]'),(2,64,'[]'),(2,65,'[]'),(2,66,'[]'),(2,67,'[]'),(2,68,'[]'),(2,70,'[]'),(2,71,'[]'),(2,72,'[]'),(2,73,'[]'),(2,74,'[]'),(2,75,'[]'),(2,76,'[]'),(2,77,'[]'),(2,78,'[\"read\", \"write\", \"update\", \"delete\"]'),(2,79,'[\"read\", \"write\", \"update\", \"delete\"]'),(2,80,'[\"read\", \"write\", \"update\", \"delete\"]'),(2,81,'[]'),(2,82,'[]'),(2,83,'[]'),(2,84,'[]'),(2,85,'[\"read\", \"write\", \"update\", \"delete\"]'),(2,9,'[]'),(2,10,'[]'),(2,11,'[]'),(2,12,'[]'),(2,13,'[]'),(2,15,'[]'),(2,16,'[]'),(2,17,'[]'),(2,18,'[]'),(2,19,'[]'),(2,21,'[]'),(2,22,'[]'),(2,45,'[]'),(2,46,'[]'),(2,47,'[]'),(2,48,'[]'),(2,3,'[\"read\", \"write\", \"update\"]'),(2,8,'[\"read\"]'),(2,49,'[]'),(2,69,'[]'),(9,1,'[]'),(9,2,'[]'),(9,4,'[]'),(9,5,'[]'),(9,6,'[]'),(9,7,'[]'),(9,23,'[]'),(9,25,'[]'),(9,26,'[]'),(9,28,'[]'),(9,29,'[]'),(9,31,'[]'),(9,32,'[]'),(9,33,'[]'),(9,34,'[]'),(9,35,'[]'),(9,36,'[]'),(9,37,'[]'),(9,38,'[]'),(9,39,'[]'),(9,40,'[]'),(9,41,'[]'),(9,42,'[]'),(9,43,'[]'),(9,44,'[]'),(9,50,'[]'),(9,51,'[]'),(9,52,'[]'),(9,53,'[]'),(9,54,'[]'),(9,55,'[]'),(9,56,'[]'),(9,57,'[]'),(9,58,'[]'),(9,59,'[]'),(9,60,'[]'),(9,61,'[]'),(9,62,'[]'),(9,63,'[]'),(9,64,'[]'),(9,65,'[]'),(9,66,'[]'),(9,67,'[]'),(9,68,'[]'),(9,70,'[]'),(9,71,'[]'),(9,72,'[]'),(9,73,'[]'),(9,74,'[]'),(9,75,'[]'),(9,76,'[]'),(9,77,'[]'),(9,78,'[]'),(9,79,'[]'),(9,80,'[]'),(9,81,'[]'),(9,82,'[]'),(9,83,'[]'),(9,84,'[]'),(9,85,'[]'),(9,9,'[]'),(9,10,'[]'),(9,11,'[]'),(9,12,'[]'),(9,13,'[]'),(9,15,'[]'),(9,16,'[]'),(9,17,'[]'),(9,18,'[]'),(9,19,'[]'),(9,21,'[]'),(9,22,'[]'),(9,45,'[]'),(9,46,'[]'),(9,47,'[]'),(9,48,'[]'),(9,3,'[]'),(9,8,'[]'),(9,49,'[]'),(9,69,'[]'),(1,1,'[\"read\", \"write\", \"update\", \"delete\"]'),(1,2,'[\"read\", \"write\", \"update\", \"delete\"]'),(1,4,'[\"read\", \"write\", \"update\", \"delete\"]'),(1,5,'[\"read\", \"write\", \"update\", \"delete\"]'),(1,6,'[\"read\", \"write\", \"update\", \"delete\"]'),(1,7,'[\"read\", \"write\", \"update\", \"delete\"]'),(1,23,'[]'),(1,25,'[]'),(1,26,'[]'),(1,28,'[]'),(1,29,'[]'),(1,31,'[]'),(1,32,'[]'),(1,33,'[]'),(1,34,'[]'),(1,35,'[]'),(1,36,'[]'),(1,37,'[]'),(1,38,'[]'),(1,39,'[]'),(1,40,'[]'),(1,41,'[]'),(1,42,'[]'),(1,43,'[]'),(1,44,'[]'),(1,50,'[]'),(1,51,'[]'),(1,52,'[]'),(1,53,'[]'),(1,54,'[]'),(1,55,'[]'),(1,56,'[]'),(1,57,'[]'),(1,58,'[]'),(1,59,'[]'),(1,60,'[]'),(1,61,'[]'),(1,62,'[]'),(1,63,'[]'),(1,64,'[]'),(1,65,'[]'),(1,66,'[]'),(1,67,'[]'),(1,68,'[]'),(1,70,'[]'),(1,71,'[]'),(1,72,'[]'),(1,73,'[]'),(1,74,'[]'),(1,75,'[]'),(1,76,'[]'),(1,77,'[]'),(1,78,'[]'),(1,79,'[]'),(1,80,'[]'),(1,81,'[]'),(1,82,'[]'),(1,83,'[]'),(1,84,'[]'),(1,85,'[]'),(1,87,'[]'),(1,88,'[]'),(1,90,'[\"read\", \"write\", \"update\", \"delete\"]'),(1,9,'[]'),(1,10,'[]'),(1,11,'[]'),(1,12,'[]'),(1,13,'[]'),(1,15,'[]'),(1,16,'[]'),(1,17,'[]'),(1,18,'[]'),(1,19,'[]'),(1,21,'[]'),(1,22,'[]'),(1,45,'[]'),(1,46,'[]'),(1,47,'[]'),(1,48,'[]'),(1,86,'[]'),(1,3,'[\"read\", \"write\", \"update\", \"delete\"]'),(1,8,'[\"read\", \"write\", \"update\", \"delete\"]'),(1,49,'[]'),(1,69,'[]'),(1,89,'[]'),(10,1,'[]'),(10,2,'[]'),(10,4,'[]'),(10,5,'[]'),(10,7,'[]'),(10,23,'[]'),(10,25,'[]'),(10,26,'[]'),(10,28,'[]'),(10,29,'[]'),(10,31,'[]'),(10,32,'[]'),(10,33,'[]'),(10,34,'[]'),(10,35,'[]'),(10,36,'[]'),(10,37,'[]'),(10,38,'[]'),(10,39,'[]'),(10,40,'[]'),(10,41,'[]'),(10,42,'[]'),(10,43,'[]'),(10,44,'[]'),(10,50,'[]'),(10,51,'[]'),(10,52,'[]'),(10,53,'[]'),(10,54,'[]'),(10,55,'[]'),(10,56,'[]'),(10,57,'[]'),(10,58,'[]'),(10,59,'[]'),(10,60,'[]'),(10,61,'[]'),(10,62,'[]'),(10,63,'[]'),(10,64,'[]'),(10,65,'[]'),(10,66,'[]'),(10,67,'[]'),(10,68,'[]'),(10,70,'[]'),(10,71,'[]'),(10,72,'[]'),(10,73,'[]'),(10,74,'[]'),(10,75,'[]'),(10,76,'[]'),(10,77,'[]'),(10,78,'[]'),(10,79,'[]'),(10,80,'[]'),(10,81,'[]'),(10,82,'[]'),(10,83,'[]'),(10,84,'[]'),(10,85,'[]'),(10,87,'[]'),(10,88,'[]'),(10,90,'[]'),(10,98,'[]'),(10,99,'[]'),(10,100,'[]'),(10,101,'[]'),(10,102,'[]'),(10,9,'[]'),(10,10,'[]'),(10,11,'[]'),(10,12,'[]'),(10,13,'[]'),(10,15,'[]'),(10,16,'[]'),(10,17,'[]'),(10,18,'[]'),(10,19,'[]'),(10,21,'[]'),(10,22,'[]'),(10,45,'[]'),(10,46,'[]'),(10,47,'[]'),(10,48,'[]'),(10,86,'[]'),(10,3,'[]'),(10,6,'[]'),(10,8,'[]'),(10,49,'[]'),(10,69,'[]'),(10,89,'[]'),(10,91,'[]'),(10,92,'[]'),(10,93,'[]'),(10,94,'[]'),(10,95,'[]'),(10,96,'[]'),(10,97,'[]'),(6,1,'[]'),(6,2,'[\"read\"]'),(6,4,'[]'),(6,5,'[]'),(6,7,'[]'),(6,23,'[]'),(6,25,'[]'),(6,26,'[]'),(6,28,'[]'),(6,29,'[]'),(6,31,'[]'),(6,32,'[]'),(6,33,'[]'),(6,34,'[]'),(6,35,'[]'),(6,36,'[]'),(6,37,'[]'),(6,38,'[]'),(6,39,'[]'),(6,40,'[]'),(6,41,'[]'),(6,42,'[]'),(6,43,'[]'),(6,44,'[]'),(6,50,'[]'),(6,51,'[\"read\"]'),(6,52,'[]'),(6,53,'[]'),(6,54,'[]'),(6,55,'[\"read\"]'),(6,56,'[]'),(6,57,'[]'),(6,58,'[]'),(6,59,'[]'),(6,60,'[]'),(6,61,'[]'),(6,62,'[]'),(6,63,'[]'),(6,64,'[]'),(6,65,'[]'),(6,66,'[]'),(6,67,'[]'),(6,68,'[]'),(6,70,'[]'),(6,71,'[\"read\"]'),(6,72,'[\"read\", \"write\", \"update\", \"delete\"]'),(6,73,'[\"read\"]'),(6,74,'[\"read\"]'),(6,75,'[\"read\"]'),(6,76,'[\"read\"]'),(6,77,'[\"read\"]'),(6,78,'[]'),(6,79,'[]'),(6,80,'[]'),(6,81,'[]'),(6,82,'[]'),(6,83,'[]'),(6,84,'[]'),(6,85,'[]'),(6,87,'[]'),(6,88,'[]'),(6,90,'[]'),(6,98,'[\"read\"]'),(6,99,'[\"read\"]'),(6,100,'[]'),(6,101,'[\"read\", \"write\"]'),(6,102,'[\"read\"]'),(6,103,'[]'),(6,104,'[]'),(6,105,'[\"read\"]'),(6,9,'[]'),(6,10,'[]'),(6,11,'[]'),(6,12,'[]'),(6,13,'[]'),(6,15,'[]'),(6,16,'[]'),(6,17,'[]'),(6,18,'[]'),(6,19,'[]'),(6,21,'[]'),(6,22,'[]'),(6,45,'[]'),(6,46,'[]'),(6,47,'[]'),(6,48,'[]'),(6,86,'[]'),(6,3,'[\"read\", \"write\", \"update\"]'),(6,6,'[\"read\", \"write\", \"update\", \"delete\"]'),(6,8,'[\"read\"]'),(6,49,'[\"read\", \"write\", \"update\", \"delete\"]'),(6,69,'[\"read\", \"write\"]'),(6,89,'[]'),(6,91,'[]'),(6,92,'[]'),(6,93,'[]'),(6,94,'[]'),(6,95,'[]'),(6,96,'[]'),(6,97,'[]'),(5,1,'[]'),(5,2,'[\"read\"]'),(5,4,'[]'),(5,5,'[]'),(5,7,'[\"read\", \"write\"]'),(5,23,'[]'),(5,25,'[]'),(5,26,'[\"read\"]'),(5,28,'[]'),(5,29,'[\"read\", \"write\", \"update\", \"delete\"]'),(5,31,'[]'),(5,32,'[]'),(5,33,'[]'),(5,34,'[]'),(5,35,'[]'),(5,36,'[]'),(5,37,'[]'),(5,38,'[]'),(5,39,'[]'),(5,40,'[]'),(5,41,'[]'),(5,42,'[]'),(5,43,'[]'),(5,44,'[]'),(5,50,'[]'),(5,51,'[]'),(5,52,'[\"read\"]'),(5,53,'[]'),(5,54,'[]'),(5,55,'[\"read\"]'),(5,56,'[]'),(5,57,'[]'),(5,58,'[]'),(5,59,'[]'),(5,60,'[]'),(5,61,'[]'),(5,62,'[]'),(5,63,'[]'),(5,64,'[]'),(5,65,'[]'),(5,66,'[]'),(5,67,'[]'),(5,68,'[\"read\"]'),(5,70,'[\"read\"]'),(5,71,'[\"read\"]'),(5,72,'[]'),(5,73,'[]'),(5,74,'[]'),(5,75,'[]'),(5,76,'[]'),(5,77,'[]'),(5,78,'[]'),(5,79,'[]'),(5,80,'[]'),(5,81,'[]'),(5,82,'[]'),(5,83,'[]'),(5,84,'[]'),(5,85,'[]'),(5,87,'[]'),(5,88,'[]'),(5,90,'[]'),(5,98,'[\"read\", \"write\", \"update\", \"delete\"]'),(5,99,'[\"read\"]'),(5,100,'[]'),(5,101,'[\"read\"]'),(5,102,'[]'),(5,103,'[]'),(5,104,'[]'),(5,105,'[\"read\"]'),(5,9,'[]'),(5,10,'[]'),(5,11,'[]'),(5,12,'[]'),(5,13,'[]'),(5,15,'[]'),(5,16,'[]'),(5,17,'[]'),(5,18,'[]'),(5,19,'[]'),(5,21,'[]'),(5,22,'[]'),(5,45,'[]'),(5,46,'[]'),(5,47,'[]'),(5,48,'[]'),(5,86,'[]'),(5,3,'[\"read\", \"write\", \"update\"]'),(5,6,'[\"read\", \"write\", \"update\", \"delete\"]'),(5,8,'[\"read\"]'),(5,49,'[\"read\", \"write\"]'),(5,69,'[\"read\", \"write\", \"update\", \"delete\"]'),(5,89,'[]'),(5,91,'[]'),(5,92,'[]'),(5,93,'[]'),(5,94,'[]'),(5,95,'[]'),(5,96,'[]'),(5,97,'[]'),(3,1,'[]'),(3,2,'[]'),(3,4,'[]'),(3,5,'[]'),(3,7,'[\"read\"]'),(3,23,'[]'),(3,25,'[]'),(3,26,'[]'),(3,28,'[]'),(3,29,'[]'),(3,31,'[]'),(3,32,'[]'),(3,33,'[]'),(3,34,'[]'),(3,35,'[]'),(3,36,'[]'),(3,37,'[]'),(3,38,'[]'),(3,39,'[]'),(3,40,'[]'),(3,41,'[]'),(3,42,'[]'),(3,43,'[]'),(3,44,'[]'),(3,50,'[]'),(3,51,'[]'),(3,52,'[]'),(3,53,'[]'),(3,54,'[]'),(3,55,'[]'),(3,56,'[]'),(3,57,'[]'),(3,58,'[]'),(3,59,'[]'),(3,60,'[]'),(3,61,'[]'),(3,62,'[]'),(3,63,'[]'),(3,64,'[]'),(3,65,'[]'),(3,66,'[]'),(3,67,'[]'),(3,68,'[]'),(3,70,'[]'),(3,71,'[]'),(3,72,'[]'),(3,73,'[]'),(3,74,'[]'),(3,75,'[]'),(3,76,'[]'),(3,77,'[]'),(3,78,'[]'),(3,79,'[]'),(3,80,'[]'),(3,81,'[]'),(3,82,'[]'),(3,83,'[]'),(3,84,'[]'),(3,85,'[]'),(3,87,'[]'),(3,88,'[]'),(3,90,'[]'),(3,98,'[]'),(3,99,'[]'),(3,100,'[]'),(3,101,'[]'),(3,102,'[]'),(3,103,'[]'),(3,104,'[]'),(3,105,'[]'),(3,106,'[]'),(3,9,'[]'),(3,10,'[]'),(3,11,'[]'),(3,12,'[]'),(3,13,'[]'),(3,15,'[]'),(3,16,'[]'),(3,17,'[]'),(3,18,'[]'),(3,19,'[]'),(3,21,'[]'),(3,22,'[]'),(3,45,'[]'),(3,46,'[]'),(3,47,'[]'),(3,48,'[]'),(3,86,'[]'),(3,3,'[\"read\", \"write\", \"update\", \"delete\"]'),(3,6,'[\"read\", \"write\", \"update\", \"delete\"]'),(3,8,'[\"read\", \"write\", \"update\", \"delete\"]'),(3,49,'[]'),(3,69,'[]'),(3,89,'[\"read\", \"write\", \"update\", \"delete\"]'),(3,91,'[\"read\"]'),(3,92,'[\"read\"]'),(3,93,'[\"read\"]'),(3,94,'[\"read\"]'),(3,95,'[\"read\"]'),(3,96,'[\"read\"]'),(3,97,'[\"read\"]'),(7,1,'[]'),(7,2,'[\"read\"]'),(7,4,'[]'),(7,5,'[]'),(7,7,'[]'),(7,23,'[]'),(7,25,'[]'),(7,26,'[]'),(7,28,'[]'),(7,29,'[]'),(7,31,'[]'),(7,32,'[]'),(7,33,'[]'),(7,34,'[]'),(7,35,'[]'),(7,36,'[]'),(7,37,'[]'),(7,38,'[]'),(7,39,'[]'),(7,40,'[]'),(7,41,'[]'),(7,42,'[]'),(7,43,'[]'),(7,44,'[]'),(7,50,'[]'),(7,51,'[]'),(7,52,'[]'),(7,53,'[\"read\", \"write\", \"update\", \"delete\"]'),(7,54,'[]'),(7,55,'[]'),(7,56,'[]'),(7,57,'[]'),(7,58,'[]'),(7,59,'[]'),(7,60,'[]'),(7,61,'[]'),(7,62,'[]'),(7,63,'[]'),(7,64,'[]'),(7,65,'[]'),(7,66,'[]'),(7,67,'[]'),(7,68,'[]'),(7,70,'[]'),(7,71,'[]'),(7,72,'[\"read\", \"write\", \"update\"]'),(7,73,'[]'),(7,74,'[]'),(7,75,'[]'),(7,76,'[]'),(7,77,'[]'),(7,78,'[]'),(7,79,'[]'),(7,80,'[]'),(7,81,'[\"read\", \"write\", \"update\", \"delete\"]'),(7,82,'[\"read\", \"write\"]'),(7,83,'[\"read\", \"write\", \"update\", \"delete\"]'),(7,84,'[\"read\"]'),(7,85,'[]'),(7,87,'[]'),(7,88,'[]'),(7,90,'[]'),(7,98,'[\"read\"]'),(7,99,'[\"read\"]'),(7,100,'[]'),(7,101,'[\"read\", \"write\"]'),(7,102,'[\"read\"]'),(7,103,'[]'),(7,104,'[]'),(7,105,'[\"read\"]'),(7,106,'[\"read\", \"write\", \"update\"]'),(7,9,'[]'),(7,10,'[]'),(7,11,'[]'),(7,12,'[]'),(7,13,'[]'),(7,15,'[]'),(7,16,'[]'),(7,17,'[]'),(7,18,'[]'),(7,19,'[]'),(7,21,'[]'),(7,22,'[]'),(7,45,'[]'),(7,46,'[]'),(7,47,'[]'),(7,48,'[]'),(7,86,'[]'),(7,3,'[\"read\", \"write\", \"update\"]'),(7,6,'[\"read\", \"write\", \"update\", \"delete\"]'),(7,8,'[\"read\"]'),(7,49,'[\"read\"]'),(7,69,'[]'),(7,89,'[]'),(7,91,'[]'),(7,92,'[]'),(7,93,'[]'),(7,94,'[]'),(7,95,'[]'),(7,96,'[]'),(7,97,'[]');
/*!40000 ALTER TABLE `rol_permisos` ENABLE KEYS */;
UNLOCK TABLES;
/*!40103 SET TIME_ZONE=@OLD_TIME_ZONE */;

/*!40101 SET SQL_MODE=@OLD_SQL_MODE */;
/*!40014 SET FOREIGN_KEY_CHECKS=@OLD_FOREIGN_KEY_CHECKS */;
/*!40014 SET UNIQUE_CHECKS=@OLD_UNIQUE_CHECKS */;
/*!40101 SET CHARACTER_SET_CLIENT=@OLD_CHARACTER_SET_CLIENT */;
/*!40101 SET CHARACTER_SET_RESULTS=@OLD_CHARACTER_SET_RESULTS */;
/*!40101 SET COLLATION_CONNECTION=@OLD_COLLATION_CONNECTION */;
/*!40111 SET SQL_NOTES=@OLD_SQL_NOTES */;

-- Dump completed on 2023-10-15 10:30:19
